,Mean,Std,Min,Max,Missing Rate (%)
Train,-78.54811617910656,12.501710454003163,-104.0,-1.0,96.53565210261554
Valid,-78.44291904474765,12.615514357604663,-103.0,-1.0,96.56127034951007
Test,-77.68378496503496,11.974914930683918,-102.0,-34.0,96.83168316831683
